{
  "model_path": "global_results/pytorch_model.bin",
  "timestamp": "2025-11-20T23:01:27.204966",
  "metrics": {
    "model_info": {
      "total_params": 6612598784,
      "trainable_params": 6612598784,
      "total_params_M": 6612.598784,
      "total_params_B": 6.612598784,
      "attention_params": 1163919360,
      "mlp_params": 4397740032,
      "attention_params_M": 1163.91936,
      "mlp_params_M": 4397.740032,
      "attention_ratio": 0.1760154211709089,
      "mlp_ratio": 0.6650547198842421,
      "num_layers": 32,
      "model_size_mb": 12612.531494140625,
      "model_size_gb": 12.316925287246704
    },
    "ppl": {
      "wikitext2 (wikitext-2-raw-v1)": 33.80427169799805,
      "ptb": 54.89478302001953
    }
  }
}