{
  "model_path": "/newdata/LLMs/Llama-3-8B-Instruct",
  "timestamp": "2025-11-19T22:33:20.170813",
  "metrics": {
    "model_info": {
      "total_params": 8030261248,
      "trainable_params": 8030261248,
      "total_params_M": 8030.261248,
      "total_params_B": 8.030261248,
      "attention_params": 1342177280,
      "mlp_params": 5637144576,
      "attention_params_M": 1342.17728,
      "mlp_params_M": 5637.144576,
      "attention_ratio": 0.16713992715172,
      "mlp_ratio": 0.7019876940372239,
      "num_layers": 32,
      "model_size_mb": 15316.508056640625,
      "model_size_gb": 14.95752739906311
    },
    "zeroshot": {
      "boolq": {
        "accuracy": 0.8321100917431192,
        "correct": 2721,
        "total": 3270
      },
      "piqa": {
        "accuracy": 0.7867247007616975,
        "correct": 1446,
        "total": 1838
      },
      "hellaswag": {
        "accuracy": 0.5531766580362477,
        "correct": 5555,
        "total": 10042
      },
      "winogrande": {
        "accuracy": 0.7221783741120757,
        "correct": 915,
        "total": 1267
      },
      "arc_easy": {
        "accuracy": 0.8228070175438597,
        "correct": 469,
        "total": 570
      },
      "arc_challenge": {
        "accuracy": 0.5150501672240803,
        "correct": 154,
        "total": 299
      },
      "openbookqa": {
        "accuracy": 0.384,
        "correct": 192,
        "total": 500
      }
    },
    "avg_zeroshot_acc": 0.6594352870601543
  }
}